"Day","Total Commercial","US <-> US","US <-> NON US","US <-> Europe","US <-> Latin America","US <-> Asia","US <-> China","Canada <-> Canada","Canada <-> NON Canada","Europe <-> Europe","Europe <-> NON Europe","Europe <-> UK","Europe <-> Asia","Europe <-> Latin America","UK <-> UK","UK <-> NON UK","Italy <-> Italy","Italy <-> NON Italy","China <-> China","China <-> NON China","Brazil <-> Brazil","Brazil <-> NON Brazil","India <-> India","India <-> NON India","Iran <-> Iran","Iran <-> NON Iran"
"2020-04-13","21837","8507","859","137","295","240","42","500","168","1137","863","132","291","19","52","238","26","72","4919","513","179","51","23","38","45","24"
"2020-04-12","20813","7518","804","170","260","228","44","304","155","938","982","135","355","23","33","266","19","62","5335","571","111","47","16","61","60","35"
"2020-04-11","21045","8760","877","164","280","255","52","303","173","842","960","128","368","22","21","250","50","82","4536","601","103","57","29","79","55","31"
"2020-04-10","24958","10329","977","176","315","237","48","524","220","1289","1038","164","361","26","69","290","47","107","5220","642","167","41","34","67","52","35"
"2020-04-09","25781","10673","1054","186","345","248","43","707","227","1523","1095","199","366","31","92","347","66","110","4506","554","176","68","38","83","35","29"
"2020-04-08","26996","11082","1122","176","433","228","47","742","224","1645","1086","209","341","27","89","340","64","121","4881","594","161","60","25","76","43","32"
"2020-04-07","26231","10662","1111","174","431","243","47","747","215","1578","1049","177","357","29","93","339","62","110","4640","547","164","67","45","53","42","28"
"2020-04-06","25427","9871","1005","173","399","210","44","595","202","1602","1014","198","300","26","79","321","59","109","4900","471","202","47","34","38","49","19"
"2020-04-05","23796","9746","974","184","377","204","42","440","207","1360","1103","231","364","35","44","365","58","99","3850","485","139","52","28","78","53","23"
"2020-04-04","23215","10209","1077","175","431","218","45","459","222","1146","1058","214","361","30","40","347","43","104","3309","533","106","42","37","76","48","27"
"2020-04-03","29088","11765","1234","194","470","246","50","716","279","1992","1241","284","334","43","100","440","52","118","4920","545","223","59","51","79","46","38"
"2020-04-02","28809","11883","1202","192","481","225","42","801","243","1971","1281","269","354","47","95","434","68","122","4319","508","187","70","43","67","43","39"
"2020-04-01","30979","13132","1239","187","486","240","57","898","264","2147","1369","262","355","44","106","431","63","135","4456","564","181","68","42","78","43","35"
"2020-03-31","31804","13416","1340","187","526","252","58","830","331","2206","1444","280","360","53","105","447","60","108","4552","546","211","77","49","60","34","12"
"2020-03-30","30564","12348","1248","189","538","241","41","756","283","2425","1477","311","328","56","112","460","58","114","4350","442","219","76","32","38","36","21"
"2020-03-29","31160","12624","1242","192","522","235","49","571","304","2245","1653","389","427","80","64","576","47","125","4882","453","157","69","29","49","46","42"
"2020-03-28","31708","12900","1468","221","650","283","62","637","343","2053","1840","332","485","125","79","573","50","114","4620","685","169","91","38","63","42","28"
"2020-03-27","37029","14463","1666","229","725","270","59","949","448","3343","2054","462","473","117","154","722","53","155","4627","694","328","104","40","55","38","26"
"2020-03-26","38625","15742","1842","281","782","283","57","1062","483","3301","2103","473","466","140","167","755","59","145","4284","645","349","114","71","51","40","33"
"2020-03-25","40312","16267","1938","260","873","276","53","1269","551","3353","2125","450","487","138","176","711","63","162","4605","664","352","104","59","72","37","35"
"2020-03-24","44553","17725","2231","253","1048","328","49","1376","650","3709","2238","596","549","176","235","943","70","160","4088","615","473","130","1407","128","38","33"
"2020-03-23","47041","17220","2470","254","1199","361","55","1554","794","4303","2332","795","558","187","336","1157","68","147","4342","625","781","181","1659","72","31","32"
"2020-03-22","51402","18024","3241","314","1690","375","48","1274","1182","5259","2804","1022","712","244","354","1441","50","132","4815","624","921","232","1437","134","43","34"
"2020-03-21","55009","19559","4056","336","2365","413","56","1343","1393","4851","3299","926","802","260","217","1514","59","147","4388","638","1393","286","2138","501","34","25"
"2020-03-20","66339","23004","4024","369","2019","453","60","1838","1540","8010","3707","1659","814","269","605","2345","64","212","4948","716","1537","313","2414","515","29","36"
"2020-03-19","68207","23973","4128","445","2024","468","48","2050","1512","8047","3844","1624","843","261","562","2370","65","214","4443","673","1583","328","2483","550","57","50"
"2020-03-18","71899","25295","4247","467","2073","447","55","2147","1559","8510","4191","1576","942","272","549","2271","73","199","4710","688","1558","330","2602","611","63","52"
"2020-03-17","76234","26848","4462","503","2164","437","44","2286","1668","9635","4495","1787","938","301","551","2617","80","225","4423","650","1867","369","2758","643","62","44"
"2020-03-16","82186","26646","4788","620","2335","448","40","2262","1727","12717","4849","2475","1072","330","655","3355","82","215","4675","624","2101","399","2937","734","51","53"
"2020-03-15","82924","24961","5034","716","2525","451","39","1873","1767","13660","5592","2702","1246","398","487","3633","74","217","5086","678","1879","437","2952","867","82","65"
"2020-03-14","80211","24631","5746","737","3110","491","54","1853","1850","12168","5891","2467","1333","407","315","3430","69","210","4296","662","1903","417","2936","929","59","41"
"2020-03-13","91950","28680","5383","845","2503","516","55","2418","1866","16696","5974","3056","1358","389","636","3999","120","660","4412","691","2286","406","3004","992","62","48"
"2020-03-12","91107","28704","5283","864","2411","479","40","2651","1769","15976","5779","2875","1317","370","621","3802","140","651","4079","635","2254","443","2995","996","69","58"
"2020-03-11","89254","27537","5059","794","2318","481","53","2626","1713","15456","5565","2555","1314","345","541","3377","216","658","4344","654","2248","393","3022","1037","78","55"
"2020-03-10","88130","27429","4972","776","2290","469","48","2559","1711","15650","5618","2632","1275","366","522","3542","346","977","3998","705","2257","402","2876","969","71","42"
"2020-03-09","91299","26761","5134","848","2340","480","47","2612","1809","17923","5785","3206","1284","363","637","4091","439","1453","4257","553","2291","419","2935","960","70","45"
"2020-03-08","86516","26191","5381","843","2609","486","49","1950","1852","16943","6184","3196","1428","412","457","4080","442","1718","3076","533","1928","445","2813","1080","69","58"
"2020-03-07","81376","24322","5857","933","3032","546","49","1783","1807","14557","6671","2806","1488","424","292","3831","387","1689","2624","537","1907","431","2761","1095","68","49"
"2020-03-06","92156","28299","5421","871","2434","537","45","2570","1867","18982","6147","3275","1431","403","595","4205","497","1914","2917","595","2177","423","2819","1143","67","50"
"2020-03-05","90484","28119","5297","878","2415","513","35","2611","1746","17936","5910","3020","1410","379","548","3941","480","1724","2717","552","2156","440","2867","1098","58","52"
"2020-03-04","89081","27325","5091","842","2307","510","43","2557","1694","17655","5664","2823","1427","343","706","3650","458","1692","2893","589","2157","384","2913","1129","71","64"
"2020-03-03","88294","27214","4981","812","2244","498","43","2535","1681","17255","5739","2806","1376","368","712","3743","445","1730","3053","539","2212","411","2775","1062","69","46"
"2020-03-02","90425","26346","5049","864","2265","512","39","2472","1780","19026","5825","3241","1375","377","778","4110","501","2053","3222","534","2254","462","2859","1096","62","62"
"2020-03-01","86833","23634","5199","899","2474","528","38","1890","1797","18069","6359","3339","1530","430","620","4234","478","2083","3385","601","1913","465","2832","1171","77","65"
"2020-02-29","82554","23690","5593","871","2880","561","47","1876","1748","15204","6649","2881","1589","435","395","3868","406","1960","2637","539","1761","466","2868","1180","72","70"
"2020-02-28","93729","28136","5375","871","2418","561","41","2453","1805","19736","6275","3394","1596","413","791","4317","565","2242","2554","616","2031","432","2902","1225","88","77"
"2020-02-27","91030","28016","5100","860","2389","544","44","2222","1560","18582","5906","3112","1484","394","796","4026","564","2016","2101","542","2091","439","2856","1142","69","79"
"2020-02-26","89559","27309","4996","806","2292","528","42","2485","1625","17814","5693","2875","1492","354","718","3736","520","1921","2228","536","2203","428","2894","1169","96","88"
"2020-02-25","87923","27183","4918","785","2202","515","35","2565","1665","17194","5939","2861","1445","381","760","3845","340","1823","2120","500","1703","410","2798","1120","109","109"
"2020-02-24","89135","26323","5127","857","2314","511","37","2550","1743","19200","6022","3312","1419","370","767","4200","605","2256","1953","480","1345","416","2832","1128","99","149"
"2020-02-23","84828","23719","5217","919","2481","515","31","1886","1705","18118","6173","3367","1585","421","590","4278","551","2234","2127","519","1256","430","2771","1174","96","162"
"2020-02-22","82522","23766","5673","879","2892","562","45","1832","1768","15557","6735","3027","1618","441","415","4033","460","2070","1701","500","1879","459","2809","1186","106","155"
"2020-02-21","95580","27939","5325","850","2405","554","43","2642","1832","20114","6340","3468","1599","414","815","4402","640","2345","2388","588","2311","474","2929","1226","102","162"
"2020-02-20","95189","27859","5215","850","2348","532","40","2712","1754","19126","6134","3198","1557","386","842","4113","638","2110","2135","573","2371","476","2954","1164","109","158"
"2020-02-19","92951","27451","5100","757","2338","533","44","2579","1699","18315","5818","2886","1541","348","837","3712","589","1963","2206","579","2254","440","2978","1184","120","172"
"2020-02-18","91038","27438","5018","754","2325","526","38","2510","1654","17642","5802","2859","1497","370","820","3763","578","1951","1859","536","2262","419","2875","1121","137","169"
"2020-02-17","92199","25978","5203","832","2392","518","35","2389","1787","19484","5934","3257","1474","370","852","4155","662","2240","1880","561","2311","437","2945","1137","109","153"
"2020-02-16","86589","21955","5084","868","2433","525","31","1832","1665","17952","6514","3153","1609","415","622","4064","563","2193","2411","704","2010","463","2918","1191","114","169"
"2020-02-15","85062","23524","5603","851","2898","565","39","1878","1737","15382","6846","2806","1664","439","376","3785","491","2026","2000","687","1949","464","2924","1201","120","165"
"2020-02-14","97236","28507","5395","838","2497","555","35","2585","1830","20265","6321","3495","1623","411","849","4412","664","2312","1966","702","2330","461","2947","1229","136","180"
"2020-02-13","94240","27695","5154","832","2380","527","26","2613","1660","18859","6040","3141","1554","384","838","4048","618","2043","1715","685","2300","453","2939","1172","88","182"
"2020-02-12","91166","26175","4936","742","2210","525","41","2627","1697","17819","5736","2753","1559","345","824","3563","579","1854","1963","738","2277","417","2945","1209","90","166"
"2020-02-11","89409","26025","4707","733","2080","501","28","2659","1657","16989","5734","2620","1512","380","764","3498","556","1836","2057","722","2237","433","2863","1128","102","175"
"2020-02-10","90987","25682","4900","784","2210","517","36","2529","1697","17328","5869","2996","1482","380","849","3857","634","2030","2705","858","2235","419","2934","1126","110","167"
"2020-02-09","86737","22008","4881","730","2339","547","38","1902","1642","15670","6148","2153","1586","405","318","2855","552","2038","4327","1082","2042","442","2861","1173","115","178"
"2020-02-08","85206","22388","5384","831","2723","570","45","1786","1706","14777","6714","2770","1655","435","437","3732","486","1918","3453","1088","1983","448","2894","1187","118","177"
"2020-02-07","96193","26400","5024","820","2316","559","33","2081","1622","19795","6292","3321","1659","416","926","4235","632","2236","3159","1208","2340","451","2983","1230","119","189"
"2020-02-06","94233","26295","5030","787","2283","542","31","2602","1707","18426","6041","2911","1574","372","856","3792","609","1927","2820","1140","2332","456","2903","1152","105","178"
"2020-02-05","91850","25468","4856","728","2199","542","39","2612","1643","17435","5629","2584","1554","355","817","3376","560","1788","2934","1254","2225","415","2924","1193","121","182"
"2020-02-04","90977","26021","4723","703","2116","524","40","2490","1628","16912","5618","2554","1534","375","769","3393","550","1716","2900","1332","2276","418","2837","1142","122","181"
"2020-02-03","94778","25642","5053","816","2248","536","57","2574","1716","19006","5916","3081","1547","380","864","3927","643","2053","3567","1510","2321","433","2874","1122","113","177"
"2020-02-02","90186","21472","5007","837","2337","576","79","1822","1651","17719","6444","3131","1704","415","675","4002","586","2096","4867","1775","2025","450","2840","1197","120","184"
"2020-02-01","87727","22214","5443","831","2734","622","97","1850","1701","14450","6806","2645","1719","439","422","3638","491","1814","4995","1984","2049","461","2853","1204","116","179"
"2020-01-31","99465","27288","5291","815","2353","610","96","2580","1782","19023","6285","3135","1712","408","833","4048","636","2140","5241","2443","2347","448","2852","1237","109","188"
"2020-01-30","100411","27288","5209","783","2332","630","110","2714","1703","18136","5980","2797","1658","383","763","3658","619","1879","6396","2654","2393","478","2891","1201","91","169"
"2020-01-29","98276","25911","4958","739","2179","592","102","2596","1648","17128","5696","2411","1639","352","771","3190","571","1695","7063","2734","2427","431","2854","1215","103","174"
"2020-01-28","98306","25927","4817","715","2111","587","109","2639","1613","16547","5691","2354","1602","384","752","3200","552","1683","8171","2723","2392","436","2856","1139","116","191"
"2020-01-27","101573","25472","5084","831","2241","586","109","2501","1675","18761","5952","2970","1583","374","811","3806","641","2082","9296","2721","2374","450","2926","1131","84","173"
"2020-01-26","97283","22662","5215","902","2355","628","113","1803","1696","17723","6546","3160","1750","421","669","4080","572","2102","9491","2841","2033","463","2780","1198","102","190"
"2020-01-25","92176","22279","5511","864","2755","643","113","1799","1686","14154","6780","2548","1752","432","387","3529","483","1796","8900","2826","1990","460","2847","1225","104","177"
"2020-01-24","105132","26999","5351","821","2354","657","115","2627","1781","19454","6366","3133","1761","409","867","4056","651","2169","9005","2931","2335","460","2843","1239","110","182"
"2020-01-23","105890","27326","5321","799","2330","698","140","2717","1717","18097","5999","2731","1723","383","811","3591","610","1886","10840","3042","2357","465","2820","1212","87","189"
"2020-01-22","102778","25663","5070","746","2230","675","139","2623","1641","17074","5821","2394","1738","361","746","3181","558","1740","11326","3121","2321","419","2775","1240","105","174"
"2020-01-21","102170","26162","4985","723","2166","669","140","2547","1634","16616","5820","2358","1670","387","764","3192","546","1702","11340","3090","2354","435","2761","1157","125","182"
"2020-01-20","103889","25084","5317","845","2392","686","148","2484","1700","18569","6078","2947","1678","382","846","3783","635","2059","11486","3009","2379","451","2830","1168","116","179"
"2020-01-19","96607","20496","5078","877","2313","684","138","1626","1627","17380","6581","3044","1830","426","663","3941","574","2094","11453","3037","2080","467","2846","1219","71","166"
"2020-01-18","93893","21014","5455","836","2774","712","155","1575","1580","13993","6903","2579","1867","441","411","3570","472","1804","11330","3066","2064","486","2787","1252","110","180"
"2020-01-17","107248","26719","5452","842","2442","706","142","2440","1790","19340","6513","3139","1837","415","863","4079","671","2160","11282","3176","2341","467","2935","1236","126","182"
"2020-01-16","105419","27100","5391","821","2371","700","149","2546","1725","17780","6196","2652","1745","393","809","3534","605","1870","11318","2987","2309","464","2870","1220","109","184"
"2020-01-15","101754","25523","5070","759","2211","680","145","2330","1622","16969","5941","2376","1736","366","765","3185","575","1739","11314","2990","2281","440","2798","1244","109","176"
"2020-01-14","100049","25512","4946","740","2118","679","140","2522","1655","15959","5882","2227","1698","391","732","3074","433","1435","11249","2895","2299","441","2830","1192","113","184"
"2020-01-13","102814","25136","5110","828","2224","658","153","2415","1702","18643","6152","2896","1672","388","759","3740","646","2085","11212","2877","2330","462","2832","1160","90","168"
"2020-01-12","97378","22098","5176","867","2391","674","139","1507","1636","17753","6824","3136","1839","433","626","4065","579","2151","11003","2764","2037","475","2820","1204","119","190"
"2020-01-11","92999","20908","5585","878","2758","710","156","1751","1674","14418","7050","2604","1829","445","389","3615","472","1874","10931","2767","2012","478","2897","1223","116","166"
"2020-01-10","105838","26401","5430","858","2356","700","146","2395","1783","19350","6654","3161","1843","418","822","4114","658","2238","10807","2998","2334","471","2916","1262","113","194"
"2020-01-09","104502","26790","5362","834","2335","703","149","2513","1756","18029","6359","2805","1770","406","785","3735","631","1988","10615","2844","2325","455","2942","1210","106","168"
"2020-01-08","102140","25686","5260","798","2334","703","146","2559","1677","17483","6189","2613","1759","376","703","3474","592","1931","10522","2849","2310","432","2904","1262","124","165"
"2020-01-07","102057","26093","5219","805","2291","700","144","2703","1667","17135","6301","2688","1739","405","699","3633","634","1991","10430","2826","2292","437","2880","1187","128","205"
"2020-01-06","105230","26352","5582","873","2498","710","150","2586","1791","19248","6560","3208","1715","393","782","4163","706","2315","10223","2814","2344","466","2930","1161","127","184"
"2020-01-05","103531","24711","5998","897","2989","715","140","2047","1813","18781","7226","3438","1874","441","687","4421","616","2396","10358","2856","2044","492","2894","1227","106","195"
"2020-01-04","100756","24584","6335","870","3380","751","152","2009","1861","16138","7540","3052","1884","467","464","4116","594","2198","10370","2802","2035","473","2881","1239","118","189"
"2020-01-03","108042","27206","6060","866","2982","718","139","2618","1846","19546","6992","3426","1865","428","836","4438","677","2379","10386","2932","2237","466","2942","1261","123","196"
"2020-01-02","104745","25659","5783","850","2826","731","140","2564","1723","19133","6678","3309","1787","400","768","4293","671","2324","10312","2759","2216","432","2930","1192","99","204"
"2020-01-01","90778","20701","5098","739","2500","667","131","1988","1551","14952","5625","2637","1695","361","456","3440","519","1953","10123","2832","1649","374","2899","1226","115","195"
"2019-12-31","94679","24916","5271","707","2576","680","134","2419","1599","14020","5556","2562","1607","358","575","3439","509","1876","10159","2694","1949","396","2797","1176","114","208"
"2019-12-30","103112","25850","5604","819","2725","713","140","2361","1686","18569","6469","3255","1676","394","812","4179","671","2287","10140","2727","2126","423","2717","1190","116","187"
"2019-12-29","101970","25414","5702","842","2825","683","126","1991","1784","18181","6996","3284","1783","432","696","4235","631","2361","9861","2738","1930","443","2859","1226","122","188"
"2019-12-28","101312","25737","6280","839","3290","765","151","2034","1869","16215","7454","3065","1838","457","563","4111","571","2196","10051","2760","2052","467","2889","1238","124","196"
"2019-12-27","108323","28146","5932","825","2982","698","135","2490","1823","19539","6931","3376","1839","428","877","4352","667","2386","10235","2888","2185","453","2930","1252","115","206"
"2019-12-26","101434","25775","5746","784","2864","690","139","2172","1725","17351","6350","2945","1680","402","559","3849","580","2098","10005","2636","2181","449","2879","1187","100","210"
"2019-12-25","82640","18910","4684","593","2356","655","120","1839","1463","9811","5325","759","1634","351","13","1329","234","1107","10015","2684","1641","363","2866","1228","125","221"
"2019-12-24","95326","24617","5200","675","2583","669","131","2638","1659","13771","5917","2360","1650","382","528","3233","555","1795","9938","2641","1976","388","2811","1175","131","208"
"2019-12-23","106072","26849","5772","895","2775","685","138","2680","1780","19249","6613","3377","1681","406","877","4339","736","2334","10017","2684","2215","421","2924","1173","115","204"
"2019-12-22","104953","26578","5845","913","2865","694","148","2141","1836","18845","7173","3470","1827","443","717","4457","670","2389","9989","2730","2002","449","2844","1235","114","209"
"2019-12-21","104024","27334","6311","919","3251","737","153","2199","1902","16853","7542","3122","1872","455","578","4210","610","2201","10086","2744","2050","480","2821","1263","110","186"
"2019-12-20","112519","29401","6009","915","2755","724","152","2863","1911","21252","7138","3510","1883","430","941","4539","736","2521","10147","2880","2293","432","2873","1288","116","211"
"2019-12-19","109953","29003","5818","934","2568","751","152","2887","1827","20254","6793","3409","1790","410","895","4444","680","2314","10042","2713","2268","445","2892","1213","106","201"
"2019-12-18","106599","27700","5472","889","2355","717","150","2865","1706","19087","6381","3076","1749","381","810","3976","624","2093","10216","2761","2238","439","2879","1235","113","202"
"2019-12-17","103666","27297","5211","865","2145","711","150","2850","1732","17936","6334","2859","1721","401","823","3831","606","1999","9879","2707","2212","417","2852","1162","123","197"
"2019-12-16","104786","26316","5274","889","2191","687","147","2701","1726","19924","6397","3346","1655","391","926","4281","679","2249","9670","2657","2261","436","2917","1162","100","184"
"2019-12-15","99382","22882","5174","927","2235","683","147","2003","1734","18461","6880","3315","1798","412","701","4275","596","2252","10127","2757","1941","442","2833","1237","104","194"
"2019-12-14","95522","23459","5504","912","2580","726","162","1942","1688","15037","7156","2772","1831","446","488","3854","492","1963","10092","2729","1901","455","2830","1246","112","189"
"2019-12-13","108583","28587","5420","891","2240","700","142","2846","1836","20287","6758","3429","1828","388","937","4416","458","2188","10172","2879","2216","433","2825","1282","115","209"
"2019-12-12","107203","28759","5412","921","2193","703","143","2831","1737","19394","6410","3179","1731","382","913","4135","637","2086","9851","2679","2223","443","2860","1239","105","192"
"2019-12-11","104466","27546","5180","878","2104","686","148","2800","1604","18652","6303","2920","1779","362","837","3820","616","1992","9799","2715","2183","405","2846","1264","118","202"
"2019-12-10","102380","27526","5109","853","2054","683","146","2737","1636","17627","6134","2793","1701","385","817","3711","601","1903","9509","2634","2188","395","2805","1197","130","211"
"2019-12-09","104745","26468","5177","905","2156","667","147","2617","1656","20142","6332","3345","1656","375","972","4271","677","2291","9859","2671","2231","417","2868","1172","111","195"
"2019-12-08","99208","23116","5181","924","2195","690","149","2012","1703","18333","6839","3108","1792","392","700","4060","614","2264","10085","2769","1866","409","2818","1229","120","200"
"2019-12-07","94438","23419","5510","888","2558","709","153","2011","1686","14536","7002","2463","1786","421","474","3515","504","1922","9986","2682","1958","439","2820","1235","112","196"
"2019-12-06","108442","28435","5371","902","2189","700","145","2731","1730","20035","6757","3277","1817","385","965","4236","652","2326","10425","2883","2313","414","2923","1253","128","203"
"2019-12-05","107272","28846","5475","914","2220","691","136","2871","1714","18694","6411","2959","1705","368","939","3909","644","2004","10313","2671","2264","412","2874","1196","114","195"
"2019-12-04","105507","27845","5208","872","2117","685","145","2773","1653","18771","6253","2888","1720","347","904","3748","598","1984","10236","2724","2258","391","2865","1233","112","217"
"2019-12-03","103932","27981","5131","861","2129","656","129","2703","1598","18227","6280","2781","1652","379","855","3721","593","1938","10328","2635","2213","396","2827","1161","134","208"
"2019-12-02","106382","27916","5216","925","2225","679","148","2631","1591","20271","6455","3305","1634","357","963","4227","691","2240","10531","2538","2246","421","2868","1177","106","183"
"2019-12-01","103923","27848","5239","916","2418","681","132","1800","1539","18524","6975","3154","1771","407","710","4090","598","2246","10447","2590","1882","407","2829","1235","121","203"
"2019-11-30","95722","24834","5397","832","2622","698","148","1895","1583","14613","7104","2363","1813","390","450","3361","516","1908","10068","2611","1914","387","2838","1230","113","190"
"2019-11-29","96707","17349","4486","686","2067","677","134","2586","1394","20882","6668","3360","1786","380","974","4236","701","2342","10152","2735","2196","383","2875","1248","122","191"
"2019-11-28","98045","20539","4537","713","1975","649","117","2565","1480","19731","6380","3027","1708","360","922","3906","654","2080","10202","2562","2131","379","2865","1191","105","196"
"2019-11-27","106054","28746","5151","792","2248","659","137","2594","1582","18683","6225","2668","1708","329","855","3495","614","1942","10338","2752","2135","365","2890","1218","121","206"
"2019-11-26","103581","27565","5063","752","2243","625","125","2635","1536","18225","6209","2604","1672","365","861","3477","602","1949","10154","2652","2192","386","2804","1156","122","196"
"2019-11-25","104131","25618","5043","838","2181","639","139","2592","1549","19805","6406","3179","1630","355","915","4051","543","1978","10294","2685","2281","381","2856","1162","117","171"
"2019-11-24","101295","24202","5139","913","2252","657","135","1935","1665","18913","7068","3114","1786","397","725","4036","606","2299","10318","2750","1881","418","2819","1196","102","193"
"2019-11-23","96833","24931","5584","917","2609","703","152","1919","1685","14887","7352","2315","1818","395","445","3335","507","1947","10106","2717","1863","408","2819","1186","98","183"
"2019-11-22","110095","28850","5432","909","2250","704","153","2623","1778","21424","7000","3389","1813","386","959","4364","695","2426","10286","2874","2018","393","2916","1228","67","148"
"2019-11-21","107481","28336","5389","919","2207","692","140","2717","1707","19931","6664","2992","1723","375","916","3944","657","2125","10172","2729","2030","396","2880","1188","28","121"
"2019-11-20","105448","27873","5115","894","2059","674","149","2726","1600","19022","6485","2677","1742","343","880","3553","619","2016","10330","2775","2008","368","2867","1208","29","117"
"2019-11-19","103322","27710","4989","843","2013","676","139","2599","1617","18435","6374","2580","1674","358","839","3503","586","1980","10138","2678","1884","371","2816","1137","36","109"
"2019-11-18","106020","26946","5150","902","2099","693","154","2597","1630","20801","6585","3271","1652","360","966","4179","671","2358","10357","2698","1974","384","2889","1134","24","104"
"2019-11-17","100898","23796","5132","949","2140","679","140","1913","1676","19202","7211","3139","1788","416","714","4086","606","2339","10288","2737","1827","409","2841","1195","30","113"
"2019-11-16","95924","23836","5475","923","2480","730","156","1958","1699","15326","7393","2460","1845","418","463","3506","503","1998","10281","2702","1511","416","2841","1225","104","179"
"2019-11-15","110688","28689","5420","921","2173","714","145","2687","1821","22457","6674","3483","1841","387","1047","4442","697","2486","10330","2862","2069","439","2901","1251","125","199"
"2019-11-14","108599","28497","5327","928","2108","693","140","2690","1703","21013","6378","3137","1767","366","979","4076","664","2232","10293","2680","2251","430","2893","1195","105","218"
"2019-11-13","105715","27541","4995","877","1947","691","147","2698","1615","19961","6168","2768","1767","339","927","3596","637","2079","10432","2754","2148","393","2919","1195","135","202"
"2019-11-12","103889","27120","4773","858","1882","663","132","2473","1540","19619","6236","2740","1708","378","925","3622","605","2057","10388","2687","2169","375","2824","1164","119","219"
"2019-11-11","105067","25555","4854","913","1952","678","138","2284","1519","21726","6363","3406","1698","360","1033","4311","702","2454","10431","2678","2167","392","2893","1143","121","186"
"2019-11-10","101606","23665","5011","923","2079","667","138","1869","1646","20160","6899","3277","1848","391","800","4196","618","2440","10467","2715","1908","402","2834","1231","106","204"
"2019-11-09","96756","23707","5270","920","2341","720","151","1896","1614","16143","7220","2511","1842","415","509","3547","528","2092","10490","2695","1851","408","2716","1219","125","192"
"2019-11-08","110513","28445","5264","880","2071","709","145","2651","1768","22067","6734","3474","1817","376","1059","4429","715","2483","10296","2893","2540","459","2899","1218","114","218"
"2019-11-07","108789","28293","5242","893","2094","695","141","2718","1670","20763","6469","3166","1748","360","1010","4106","678","2260","10378","2744","2579","438","2862","1195","106","198"
"2019-11-06","107074","26953","5041","881","1963","679","143","2691","1602","20822","6388","2943","1793","346","969","3796","639","2192","10493","2777","2516","445","2875","1205","113","204"
"2019-11-05","105499","26605","4949","865","1893","676","132","2669","1579","20705","6460","3091","1717","365","946","4030","652","2256","10404","2693","2458","454","2814","1150","125","208"
"2019-11-04","108687","26687","5030","919","1955","688","147","2628","1600","22935","6634","3634","1730","357","1060","4569","749","2582","10479","2707","2551","450","2759","1142","116","190"
"2019-11-03","102276","22516","4909","966","1947","686","143","1840","1580","21513","7277","3563","1870","393","791","4528","661","2585","10599","2756","2085","418","2779","1231","127","212"
"2019-11-02","97542","22733","5183","897","2249","729","154","1873","1601","17725","7469","3067","1890","386","518","4096","542","2281","10493","2735","1752","376","2859","1217","121","206"
"2019-11-01","107862","25904","5157","911","1989","722","148","2430","1650","22645","6955","3803","1859","377","1061","4755","622","2619","10453","2881","2118","365","2912","1240","109","211"
"2019-10-31","106377","24697","5033","939","1960","702","137","2641","1549","22987","6840","3692","1803","367","1039","4669","752","2481","10447","2630","2109","394","2873","1177","106","222"
"2019-10-30","106779","26118","4978","918","1842","693","145","2806","1583","22422","6639","3517","1812","339","985","4394","687","2421","10469","2647","2092","360","2826","1174","101","226"
"2019-10-29","105795","26261","4752","866","1785","672","131","2756","1533","21876","6699","3564","1750","381","997","4535","687","2321","10467","2619","2096","402","2780","1143","115","220"
"2019-10-28","107334","25885","4975","922","1899","682","148","2724","1596","23165","6708","3860","1701","352","1097","4815","740","2586","10545","2635","2122","371","2823","1103","87","182"
"2019-10-27","102755","24008","4938","976","1910","689","142","2119","1657","21845","7248","3830","1845","373","853","4805","650","2612","10391","2663","1799","391","2636","1169","105","215"
"2019-10-26","99270","23219","5252","1002","2181","730","155","1913","1613","19269","7409","3369","1873","390","537","4375","583","2529","10667","2703","1783","390","2813","1217","129","200"
"2019-10-25","111490","28556","5344","1090","1920","707","143","2821","1765","23751","7068","4074","1862","364","1018","5032","505","2343","10508","2803","2177","401","2828","1189","116","198"
"2019-10-24","111511","28675","5378","1119","1915","722","153","2910","1727","23957","6839","4002","1772","352","1013","4984","684","2686","10493","2675","2179","389","2801","1162","94","222"
"2019-10-23","109591","27927","5197","1091","1777","680","145","2877","1702","23424","6642","3923","1775","335","931","4822","691","2712","10560","2692","2157","365","2802","1156","107","219"
"2019-10-22","108345","27851","5063","1065","1742","686","146","2851","1666","22983","6589","3848","1711","355","932","4793","667","2601","10662","2607","2119","398","2705","1120","110","234"
"2019-10-21","108851","26856","5127","1077","1845","675","147","2846","1694","24042","6674","4073","1725","360","1004","5013","684","2788","10714","2615","2107","381","2839","1112","106","218"
"2019-10-20","104070","24793","5045","1106","1839","690","142","2112","1646","22607","7128","3947","1811","378","742","4896","668","2795","10581","2670","1727","398","2771","1175","117","247"
"2019-10-19","100998","23705","5322","1107","2113","732","157","1953","1625","20813","7350","3672","1857","395","557","4655","625","2777","10842","2672","1815","405","2768","1218","138","195"
"2019-10-18","112948","29004","5361","1116","1903","713","144","2611","1735","24666","6978","4155","1841","366","1024","5116","705","2877","10896","2823","2187","403","2794","1196","126","179"
"2019-10-17","111813","28752","5330","1089","1888","725","148","2677","1685","24172","6809","3991","1767","347","1018","4963","672","2701","10795","2700","2153","403","2755","1146","122","204"
"2019-10-16","109483","27895","5160","1105","1771","686","143","2670","1652","23355","6663","3844","1757","335","937","4747","676","2671","10721","2749","2077","379","2762","1158","124","211"
"2019-10-15","108257","27772","5081","1056","1737","722","155","2632","1686","23068","6585","3795","1705","344","934","4744","670","2608","10669","2675","2092","358","2724","1110","145","216"
"2019-10-14","109128","27109","5188","1084","1841","704","147","2414","1747","24055","6672","4052","1732","340","1011","4989","698","2802","10823","2729","2111","404","2820","1090","118","204"
"2019-10-13","103917","24675","4986","1114","1823","682","146","1755","1643","23060","7047","3964","1813","370","751","4919","680","2883","10702","2649","1764","420","2713","1153","131","217"
"2019-10-12","97825","23607","5177","1112","2094","606","153","1886","1600","20915","7256","3635","1814","395","547","4636","640","2840","10525","2415","1922","410","2774","1184","133","203"
"2019-10-11","113292","28640","5295","1098","1930","646","137","2546","1775","25027","6954","4169","1818","367","1022","5106","695","2896","11306","2820","2115","395","2840","1195","125","179"
"2019-10-10","112021","28572","5343","1129","1886","722","148","2700","1738","24451","6853","3972","1770","340","1042","4948","680","2755","10769","2769","2068","383","2815","1144","114","199"
"2019-10-09","109794","27792","5113","1070","1753","675","137","2835","1668","23325","6533","3835","1730","330","918","4749","538","2666","11300","2734","2042","369","2795","1095","124","188"
"2019-10-08","108587","27618","5014","1056","1729","663","136","2728","1665","22926","6662","3726","1671","342","896","4681","633","2625","11167","2661","2160","365","2736","1088","135","172"
"2019-10-07","109286","26712","5095","1095","1829","588","117","2779","1747","23823","6925","4015","1663","340","959","4962","676","2722","10744","2657","2234","386","2811","1069","123","171"
"2019-10-06","105694","24762","5042","1134","1820","662","135","2154","1667","22915","7329","3937","1760","374","711","4926","657","2869","11085","2688","1824","421","2750","1142","128","184"
"2019-10-05","102073","23720","5175","1100","2067","699","148","2038","1602","20823","7575","3640","1801","383","532","4667","625","2810","11120","2700","1872","397","2789","1132","131","182"
"2019-10-04","113156","28835","5271","1117","1873","668","124","2927","1808","24272","7230","4085","1765","351","982","5083","701","2837","11127","2709","2283","395","2809","1162","120","173"
"2019-10-03","112391","28742","5323","1145","1865","696","134","2940","1741","23958","7226","3985","1746","335","968","5018","690","2727","10752","2644","2248","396","2824","1141","108","179"
"2019-10-02","110368","27597","5122","1130","1696","676","135","2890","1680","23809","7067","3898","1760","335","940","4895","679","2725","11023","2707","2228","382","2758","1131","115","181"
"2019-10-01","107832","27377","4972","1087","1665","682","122","2801","1667","23238","7116","3747","1709","342","878","4773","649","2679","9838","2558","2201","401","2678","1093","128","186"
"2019-09-30","110322","26789","5051","1118","1767","680","135","2841","1761","24500","7268","4171","1701","355","937","5181","763","2849","11179","2639","2227","389","2766","1086","98","175"
"2019-09-29","106302","24487","5103","1173","1819","697","148","2145","1692","23578","7595","4070","1794","385","690","5102","730","2980","11048","2717","1866","420","2764","1161","125","183"
"2019-09-28","102338","22971","5279","1187","1987","746","157","2034","1632","21803","7855","3796","1865","393","553","4883","707","2930","11107","2770","1889","409","2766","1176","119","178"
"2019-09-27","113504","28037","5316","1136","1835","732","144","2960","1780","24880","7477","3943","1808","357","915","4933","740","2924","11003","2849","2242","403","2770","1175","116","172"
"2019-09-26","113817","28712","5425","1194","1839","738","142","2951","1825","24867","7499","4176","1767","346","1006","5234","742","2830","10916","2725","2138","393","2787","1137","101","189"
"2019-09-25","111361","27527","5134","1155","1682","699","146","2984","1717","24529","7388","4072","1783","352","895","5090","731","2908","10859","2767","2180","381","2734","1144","119","190"
"2019-09-24","109742","27471","5021","1132","1619","667","131","2922","1707","24130","7312","4007","1721","352","881","5040","724","2771","10827","2645","2161","374","2616","1110","139","174"
"2019-09-23","110384","26711","5144","1173","1758","684","143","2909","1792","24965","7303","4237","1702","344","964","5240","776","2908","10650","2626","2166","395","2725","1099","113","169"
"2019-09-22","105511","24896","5124","1218","1790","698","153","2198","1699","23972","7698","4205","1841","380","714","5243","739","3055","10857","2612","1772","434","2659","1155","138","195"
"2019-09-21","101477","23260","5284","1178","2032","727","153","2078","1646","21964","7808","3928","1874","384","599","4997","693","2990","10806","2684","1807","437","2666","1160","119","175"
"2019-09-20","113911","28318","5179","1153","1750","696","142","2870","1731","25507","7658","4376","1845","372","1008","5427","758","3003","11003","2813","2201","412","2752","1204","121","191"
"2019-09-19","112732","27745","5235","1181","1733","696","149","3025","1777","25237","7538","4300","1796","358","1011","5341","725","2884","10931","2704","2132","408","2698","1155","112","204"
"2019-09-18","111124","27552","5131","1155","1675","664","144","2919","1735","24863","7271","4256","1776","344","950","5239","730","2957","10715","2694","2180","391","2684","1144","120","173"
"2019-09-17","110537","27323","5049","1132","1701","675","148","2932","1715","24607","7410","4188","1734","358","916","5200","720","2826","11118","2675","2154","403","2635","1113","128","183"
"2019-09-16","110656","26677","5123","1175","1748","662","150","2776","1745","25246","7414","4337","1715","357","965","5349","773","2934","10973","2672","2181","389","2707","1094","123","167"
"2019-09-15","106802","24549","5079","1200","1802","664","139","2125","1694","24243","7749","4230","1856","362","747","5260","770","3100","10984","2711","1827","421","2635","1126","134","198"
"2019-09-14","101578","22952","5278","1182","2034","711","153","1997","1619","22519","8025","3994","1865","386","628","5080","757","3038","9910","2660","1778","413","2615","1152","135","177"
"2019-09-13","113922","28362","5325","1181","1825","708","141","2805","1832","25741","7749","4428","1845","366","999","5483","762","3067","10279","2756","2229","408","2663","1188","133","186"
"2019-09-12","114818","28417","5406","1197","1842","726","150","2961","1793","25561","7769","4357","1848","366","978","5430","747","2889","11170","2785","2218","402","2632","1174","119","207"
"2019-09-11","112371","27336","5156","1149","1696","703","134","2920","1758","25212","7454","4260","1796","355","891","5260","735","3017","11243","2764","2191","387","2614","1170","119","188"
"2019-09-10","110223","27253","5012","1063","1665","691","137","2923","1734","24323","7350","3731","1703","339","828","4564","725","2794","10956","2644","2233","400","2544","1115","101","157"
"2019-09-09","110724","26558","5049","1091","1781","686","151","2903","1730","25027","7305","3846","1688","345","849","4658","768","2960","11141","2669","2191","427","2632","1098","91","152"
"2019-09-08","107002","24289","5182","1206","1814","696","146","2021","1719","24453","7860","4308","1877","389","713","5316","785","3105","11302","2666","2021","468","2610","1173","123","202"
"2019-09-07","101991","22453","5348","1199","2055","742","164","1936","1654","22702","8113","4016","1904","391","589","5096","737","3083","11030","2622","1785","435","2616","1194","119","176"
"2019-09-06","113492","26991","5278","1164","1855","693","136","2863","1783","25779","7897","4402","1902","381","1002","5447","607","3099","11087","2787","2235","398","2636","1191","120","202"
"2019-09-05","113039","26901","5322","1206","1858","708","143","2942","1763","25672","8028","4393","1906","367","983","5479","728","2975","11155","2703","2164","417","2555","1162","111","217"
"2019-09-04","111120","26025","5033","1152","1702","684","146","2949","1681","25378","7692","4328","1860","364","921","5317","725","3077","11206","2772","2138","396","2557","1149","133","187"
"2019-09-03","108212","24445","4723","1128","1471","705","139","2951","1670","25013","7800","4286","1862","367","901","5316","720","2901","10872","2734","2163","377","2520","1121","127","189"
"2019-09-02","109337","23823","4869","1157","1612","701","149","2652","1661","25511","7785","4351","1800","369","981","5378","768","3044","11254","2721","2177","395","2623","1095","118","176"
"2019-09-01","103712","19361","5049","1229","1794","705","148","2173","1646","24166","8191","4150","1937","404","673","5214","754","3058","11310","2887","1847","422","2634","1214","127","198"
"2019-08-31","101806","18307","5008","1022","1899","761","177","1834","1505","22752","8534","4082","2274","337","611","5124","734","3110","11789","3120","1570","333","2677","1356","131","202"
"2019-08-30","116953","28940","5842","1256","2104","753","156","2979","1911","25059","8216","4303","1960","391","973","5368","773","3096","11397","2840","2095","395","2641","1198","148","213"
"2019-08-29","117681","29629","5876","1206","2115","745","158","3090","1885","25369","8237","4384","1929","398","996","5467","757","2994","11253","2882","2095","405","2646","1137","112","202"
"2019-08-28","116351","29168","5715","1223","1998","730","144","3338","1854","24974","8134","4319","1889","372","909","5348","683","3052","11419","2837","2061","410","2624","1134","134","185"
"2019-08-27","114396","28233","5563","1156","1963","714","146","3321","1810","24470","8062","4230","1882","390","933","5288","707","2946","11372","2858","2053","403","2529","1110","142","188"
"2019-08-26","115955","28076","5650","1204","2015","691","149","3222","1850","25410","8077","4352","1882","368","857","5371","756","3137","11302","2820","2126","385","2659","1087","138","172"
"2019-08-25","113028","26777","5733","1246","2078","750","165","2516","1875","24613","8761","4308","1978","396","742","5364","777","3129","10943","2935","1831","437","2616","1181","153","209"
"2019-08-24","104525","22663","5711","1209","2232","746","167","2158","1756","22900","8395","4129","2013","408","625","5199","732","3128","10483","2831","1648","416","2604","1183","152","196"
"2019-08-23","118631","29195","5892","1206","2118","750","147","3112","1921","25668","8340","4501","1997","401","993","5587","759","3170","11165","2917","2101","409","2627","1185","165","207"
"2019-08-22","118315","29767","5902","1218","2101","760","164","3283","1901","25319","8180","4413","1953","392","992","5476","772","2999","11159","2910","2027","393","2592","1164","129","225"
"2019-08-21","115961","28661","5711","1200","2047","741","153","3341","1773","24997","7957","4372","1939","367","938","5396","754","3055","11255","2864","2025","410","2604","1129","156","205"
"2019-08-20","114075","27759","5593","1179","1975","691","151","3253","1835","24623","8007","4248","1932","385","972","5308","752","2917","11045","2868","2049","384","2553","1091","167","204"
"2019-08-19","115833","28047","5811","1210","2212","702","151","3174","1817","25240","8022","4405","1908","392","986","5454","777","3087","11244","2773","2117","411","2692","1080","154","176"
"2019-08-18","112037","26188","5908","1227","2396","737","154","2476","1804","24597","8211","4308","1998","410","748","5360","794","3150","11311","2874","1836","419","2604","1177","150","215"
"2019-08-17","106976","23389","6192","1241","2666","751","165","2191","1796","23130","8392","4159","1998","412","623","5277","757","3152","11270","2890","1645","432","2623","1154","159","196"
"2019-08-16","118999","29423","6162","1221","2369","763","153","3155","1923","25468","8225","4435","1985","396","980","5512","766","3126","11253","2951","2190","409","2668","1134","157","206"
"2019-08-15","117052","29802","6156","1205","2347","745","162","3294","1893","24763","8148","4376","1925","386","979","5453","744","2871","11201","2746","2100","418","2651","1089","153","214"
"2019-08-14","116871","29454","6036","1219","2275","753","152","3286","1871","24789","7952","4313","1900","370","903","5331","723","3019","11283","2765","2118","419","2666","1104","158","194"
"2019-08-13","115090","28852","5897","1176","2255","700","148","3294","1842","24472","7937","4228","1873","386","943","5287","743","2896","11165","2762","2103","418","2619","1046","148","192"
"2019-08-12","115636","28536","5987","1219","2324","720","155","3175","1869","25073","7902","4375","1846","370","970","5408","753","3067","10997","2768","2184","420","2706","1035","124","193"
"2019-08-11","111782","27304","6046","1230","2420","757","160","2475","1870","24508","8099","4326","1930","402","736","5379","770","3099","10311","2825","1919","444","2589","1140","148","204"
"2019-08-10","104743","24033","6275","1246","2743","727","125","2165","1761","23294","8366","4133","1944","411","601","5229","747","3154","8528","2330","1698","430","2594","1118","149","187"
"2019-08-09","117374","29833","6095","1226","2392","724","126","3148","1914","25440","8286","4420","1962","400","963","5482","770","3145","10211","2638","2190","427","2608","1096","136","213"
"2019-08-08","118321","29759","6211","1211","2374","759","154","3244","1912","24912","8211","4438","1919","402","990","5521","747","2975","11240","2926","2168","434","2656","1109","139","211"
"2019-08-07","115717","28348","5932","1209","2313","737","149","3289","1760","24436","7956","4240","1882","376","906","5259","717","3047","11344","2905","2101","433","2657","1107","138","193"
"2019-08-06","113818","29155","5886","1170","2301","694","147","3188","1805","24260","7936","4260","1846","390","942","5316","724","2960","11131","2673","2096","418","2498","1039","134","193"
"2019-08-05","118384","33218","6615","1415","2609","715","145","3286","2089","24947","7745","4398","1574","434","990","5481","764","3130","10547","2420","2289","485","2545","873","135","167"
"2019-08-04","111810","26276","5957","1249","2512","726","152","2242","1774","24612","8157","4339","1941","404","738","5404","766","3174","11306","2826","1797","445","2525","1100","129","190"
"2019-08-03","108978","25378","6315","1217","2803","737","160","2284","1806","23311","8417","4149","1977","410","642","5257","729","3177","10962","2846","1785","437","2536","1125","132","180"
"2019-08-02","118738","29435","6060","1214","2407","733","145","3024","1855","25457","8290","4444","2018","387","1041","5526","745","3207","11228","3010","2143","416","2580","1150","124","202"
"2019-08-01","116054","29219","5966","1200","2310","738","146","2969","1913","24812","8201","4414","1942","386","993","5515","722","2981","10481","2827","2092","419","2457","1076","132","210"
"2019-07-31","113683","28422","5682","1190","2243","710","145","2942","1742","24471","7914","4337","1884","365","905","5358","692","3076","10650","2689","2178","421","2510","1122","137","202"
"2019-07-30","113549","28702","5724","1196","2226","700","144","2885","1814","24305","8070","4286","1895","382","904","5345","716","2971","10608","2743","2181","405","2470","1061","150","199"
"2019-07-29","113349","27475","5717","1205","2249","676","134","2834","1824","25002","8020","4394","1849","373","952","5430","746","3093","10423","2768","2223","414","2523","1025","121","169"
"2019-07-28","109695","25956","5854","1244","2409","711","149","2247","1798","24169","8197","4218","1946","393","708","5267","731","3115","10597","2701","1870","439","2413","1089","145","201"
"2019-07-27","107372","25193","6173","1228","2748","739","156","2180","1761","22639","8438","4030","1948","411","604","5142","700","3040","10814","2750","1870","453","2506","1102","134","181"
"2019-07-26","116455","29404","5865","1196","2294","710","139","2855","1872","24951","8240","4240","1920","372","925","5302","687","3016","10506","2840","2195","411","2568","1146","143","203"
"2019-07-25","116649","29667","5961","1204","2314","730","145","2946","1901","24714","8240","4221","1892","381","937","5313","772","2984","10684","2759","2231","437","2512","1073","115","204"
"2019-07-24","115422","29273","5779","1176","2269","723","145","2924","1812","24633","7895","4303","1864","356","908","5317","745","3088","10814","2821","2228","414","2519","1086","135","191"
"2019-07-23","113896","28647","5696","1200","2240","682","137","2895","1778","24612","8011","4355","1846","379","883","5391","739","3044","10641","2707","2204","403","2506","1063","133","192"
"2019-07-22","113401","27103","5662","1208","2257","685","133","2847","1741","25274","7958","4425","1816","368","939","5452","787","3179","10680","2690","2215","419","2571","1008","138","177"
"2019-07-21","112834","26723","6150","1304","2479","734","150","2400","1931","24883","8274","4398","1965","406","734","5500","810","3217","10572","2735","1883","442","2612","1124","150","206"
"2019-07-20","112169","26621","6789","1359","2847","767","164","2484","2080","23895","8776","4310","2031","434","619","5501","755","3271","10764","2775","1851","447","2628","1162","134","191"
"2019-07-19","123350","31301","6638","1371","2466","774","155","3192","2153","26441","8658","4639","2017","417","1022","5801","812","3296","10962","2944","2279","447","2696","1190","140","189"
"2019-07-18","121636","30626","6516","1368","2435","764","143","3324","2107","26058","8563","4637","1995","408","1016","5827","793","3065","10664","2759","2230","463","2723","1115","129","208"
"2019-07-17","120684","30758","6394","1394","2405","738","152","3285","2006","25839","8309","4548","1960","384","960","5685","767","3171","10646","2823","2243","446","2680","1147","149","198"
"2019-07-16","120215","30751","6358","1321","2343","709","145","3263","2132","25596","8382","4530","1931","398","979","5646","765","3069","11088","2715","2188","431","2578","1063","149","196"
"2019-07-15","120688","29584","6400","1369","2346","715","153","3179","2153","26620","8427","4808","1986","404","1038","5979","788","3217","11067","2797","2260","434","2665","1075","119","174"
"2019-07-14","115823","27465","6526","1400","2506","739","156","2562","2127","25377","8586","4544","2010","407","753","5729","787","3260","10715","2779","1859","452","2582","1096","141","205"
"2019-07-13","112484","26284","6783","1352","2864","752","158","2444","2088","24065","8692","4293","2088","434","616","5504","730","3254","10773","2834","1873","463","2652","1152","144","184"
"2019-07-12","122924","31310","6551","1335","2448","760","156","3169","2178","26633","8567","4641","2023","405","1024","5792","802","3242","10728","2950","2284","442","2632","1159","142","202"
"2019-07-11","120963","30215","6456","1348","2428","759","154","3210","2046","26371","8462","4661","1976","404","1024","5839","776","3050","10568","2799","2228","452","2633","1097","118","208"
"2019-07-10","120435","30691","6416","1330","2366","732","152","3262","2108","25789","8205","4502","1998","378","934","5617","751","3067","10696","2880","2246","418","2660","1130","148","197"
"2019-07-09","119237","30530","6313","1301","2334","699","146","3250","2103","25591","8321","4451","1956","395","976","5591","751","3012","10507","2751","2182","424","2518","1082","121","191"
"2019-07-08","119742","29655","6455","1330","2445","707","151","3183","2148","26833","8235","4605","1951","405","1028","5726","803","3216","10217","2743","2267","453","2676","1084","134","171"
"2019-07-07","115499","27701","6592","1396","2600","744","144","2598","2098","25410","8544","4500","2066","421","764","5693","802","3263","10631","2770","1910","475","2600","1104","141","193"
"2019-07-06","110723","25010","6768","1396","2948","763","177","2453","1906","24028","8669","4302","2023","435","631","5525","769","3206","10373","2891","1892","483","2651","1144","149","180"
"2019-07-05","114304","23168","6272","1329","2433","739","150","3116","2019","26991","8573","4701","2045","398","1018","5860","811","3321","10405","2949","2259","435","2716","1155","150","192"
"2019-07-04","113019","22800","6178","1352","2283","734","152","3268","2004","26693","8496","4704","1988","403","1046","5880","790","3099","10424","2853","2205","441","2585","1098","115","209"
"2019-07-03","117701","28174","6467","1350","2437","747","162","3215","2042","26122","8268","4584","1974","382","991","5680","756","3149","10542","2867","2273","419","2585","1128","141","191"
"2019-07-02","117132","28225","6287","1322","2355","743","156","3194","2006","25753","8504","4481","2070","396","1000","5643","751","3011","10570","2834","2202","422","2475","1116","145","187"
"2019-07-01","116116","26923","6222","1304","2311","730","157","2814","2034","26491","8390","4676","1983","395","1003","5796","806","3232","10573","2811","2238","425","2686","1000","118","179"
"2019-06-30","112384","26180","6467","1379","2573","759","163","2352","1992","25506","8450","4508","2010","409","760","5667","782","3233","10122","2784","1766","457","2659","1125","145","190"
"2019-06-29","110610","26382","6913","1415","2966","776","165","2334","1988","23898","8661","4269","2010","442","645","5460","734","3183","10250","2791","1729","443","2637","1099","146","180"
"2019-06-28","121012","30911","6644","1400","2473","744","153","3156","2140","26869","8439","4633","1995","390","1033","5789","794","3236","10131","2830","2195","437","2744","1117","145","189"
"2019-06-27","120487","31160","6651","1360","2440","772","163","3279","2169","26399","8530","4644","2022","402","1021","5862","764","3038","9864","2762","2128","433","2669","1109","127","200"
"2019-06-26","117940","30574","6418","1325","2357","721","146","3213","2110","26090","8011","4550","1942","368","953","5666","748","3119","9669","2746","2074","414","2639","1111","147","192"
"2019-06-25","118525","30064","6430","1306","2334","728","158","3158","2117","25731","8075","4449","1889","386","946","5594","750","3034","11078","2924","2056","426","2548","1028","147","200"
"2019-06-24","117003","29051","6362","1326","2360","708","162","3058","2080","26440","7983","4622","1821","387","999","5713","812","3141","10057","2785","2199","423","2616","999","128","158"
"2019-06-23","112773","26919","6417","1377","2474","722","160","2447","2052","25462","8332","4522","1964","412","759","5673","769","3238","10118","2752","1810","448","2631","1076","138","191"
"2019-06-22","108608","25944","6718","1345","2859","713","157","2382","2007","23683","8522","4314","1994","425","645","5508","764","3192","10080","2737","1194","431","2630","1100","129","180"
"2019-06-21","118732","30462","6545","1343","2470","729","155","3054","2098","25924","8316","4611","1932","391","1026","5770","775","3170","9859","2881","1338","407","2617","1122","125","205"
"2019-06-20","119295","30700","6584","1383","2482","746","158","3280","2071","26198","8233","4612","1931","395","1076","5807","787","2996","9914","2862","1912","435","2645","1078","112","193"
"2019-06-19","118324","30268","6462","1333","2396","744","152","3188","2057","26056","7842","4528","1881","361","993","5595","769","3051","10204","2821","2169","430","2666","1098","140","188"
"2019-06-18","116357","29849","6315","1311","2377","704","142","3163","2006","25625","7970","4406","1869","393","972","5561","752","2925","9879","2686","2093","417","2608","1044","128","199"
"2019-06-17","116360","28251","6301","1361","2312","714","154","3128","2026","26408","7920","4592","1818","369","1019","5698","792","3064","9897","2719","2139","395","2686","1051","126","158"
"2019-06-16","111961","26210","6345","1332","2492","747","155","2422","1991","25327","8229","4512","1924","393","776","5612","784","3193","10086","2748","1766","432","2654","1102","137","201"
"2019-06-15","108606","25839","6683","1320","2891","760","164","2335","1941","23472","8377","4265","1929","408","622","5412","759","3087","9967","2761","1692","424","2674","1108","140","186"
"2019-06-14","120025","30502","6500","1318","2430","729","155","3099","2110","26751","8184","4633","1891","372","1063","5776","792","3145","10166","2822","2134","405","2699","1120","143","198"
"2019-06-13","119358","30834","6553","1347","2428","774","159","3160","2057","26398","7903","4615","1840","366","1041","5754","780","2942","9838","2787","2102","422","2669","1086","124","206"
"2019-06-12","117497","30255","6251","1285","2332","706","147","3120","2001","25748","7629","4446","1810","343","913","5513","752","3048","10060","2777","2042","387","2720","1115","130","191"
"2019-06-11","116972","30060","6216","1296","2262","718","154","3096","2015","25858","7765","4424","1811","371","990","5553","759","2949","9929","2697","2059","390","2640","1048","150","176"
"2019-06-10","115659","28252","6212","1327","2314","696","155","3060","2004","26246","7688","4677","1774","354","1040","5794","839","3241","10002","2643","2121","397","2703","1028","129","167"
"2019-06-09","111450","25495","6222","1304","2454","713","153","2445","1931","25197","8010","4483","1893","388","790","5591","808","3302","9797","2744","1719","433","2640","1101","128","215"
"2019-06-08","107325","25448","6538","1314","2781","743","158","2327","1913","23735","8320","4334","1914","418","651","5525","770","3242","9066","2736","1689","410","2630","1100","121","183"
"2019-06-07","118809","30211","6388","1297","2362","709","148","3028","2070","27130","8018","4648","1901","363","1025","5787","845","3277","9510","2792","2132","392","2725","1125","132","205"
"2019-06-06","118115","30064","6455","1341","2396","735","151","3206","2067","26317","7869","4633","1870","366","999","5771","837","3071","9937","2821","2080","420","2757","1114","104","195"
"2019-06-05","116237","29638","6026","1271","2167","704","144","3134","1947","26285","7520","4551","1862","357","971","5642","812","3184","10056","2844","2039","390","2739","1108","118","167"
"2019-06-04","114865","29277","5967","1242","2126","694","144","3130","1971","25971","7462","4435","1811","379","958","5551","796","3041","9814","2735","2005","384","2629","1042","112","195"
"2019-06-03","115252","28227","6038","1301","2127","691","141","3114","2007","26742","7580","4622","1773","350","1041","5696","874","3181","9649","2694","2081","382","2667","1019","134","171"
"2019-06-02","111295","25624","6067","1327","2294","726","146","2397","1937","26005","8016","4698","1883","390","739","5857","803","3260","10386","2755","1703","428","2642","1104","143","189"
"2019-06-01","106778","24793","6312","1307","2636","754","162","2328","1801","23632","8015","4389","1876","397","627","5537","748","3165","9943","2818","1650","430","2631","1082","137","176"
"2019-05-31","116258","29862","6228","1287","2287","717","154","3100","2039","25088","7652","4651","1790","361","1038","5790","788","3131","10029","2797","2045","407","2686","1096","128","183"
"2019-05-30","114483","29793","6150","1287","2205","732","150","3180","2011","24634","7304","4460","1728","363","982","5587","784","2971","9736","2679","2046","430","2715","1107","102","173"
"2019-05-29","112401","28222","5917","1305","2134","709","150","3131","1850","25768","7127","4442","1637","357","881","5477","751","3044","9664","2719","2000","335","2675","1081","127","180"
"2019-05-28","111008","27807","5825","1207","2118","687","145","3139","1969","24828","6944","4319","1622","351","873","5410","726","2877","10087","2676","2071","402","2636","1046","129","182"
"2019-05-27","109135","25241","5918","1215","2268","685","150","3059","1966","25704","6849","4462","1550","347","892","5503","755","3037","9811","2647","2031","400","2701","1023","112","143"
"2019-05-26","104007","21570","5860","1270","2234","714","160","2416","1907","24839","7297","4452","1667","376","729","5519","710","3131","10071","2821","1598","416","2634","1113","117","170"
"2019-05-25","103401","23894","6255","1269","2578","743","161","2319","1949","22817","7634","4254","1730","402","611","5381","722","3096","9834","2780","1540","412","2595","1102","133","156"
"2019-05-24","116836","30202","6244","1246","2352","717","155","3147","2072","26459","7310","4683","1608","350","1043","5753","781","3150","9854","2852","1972","411","2725","1111","127","157"
"2019-05-23","115211","30064","6281","1266","2308","752","157","3123","2030","25546","6962","4514","1613","355","882","5612","791","2969","9974","2797","1948","397","2684","1079","105","180"
"2019-05-22","113139","29416","5978","1211","2131","707","155","3192","2028","24931","6656","4307","1555","340","938","5314","750","2996","9975","2845","1922","387","2674","1085","148","160"
"2019-05-21","110762","28969","5804","1177","2049","679","148","3077","1986","23666","6675","4084","1578","340","880","5132","476","2415","10231","2841","1950","395","2653","1020","148","168"
"2019-05-20","111869","28152","6046","1279","2182","693","153","2785","2028","25052","6918","4357","1543","340","967","5419","761","3007","10304","2751","1983","403","2669","996","110","138"
"2019-05-19","107205","25741","5967","1243","2281","713","163","2237","2014","23919","7224","4225","1619","389","695","5301","682","3074","10204","2764","1610","436","2626","1092","121","159"
"2019-05-18","102095","23881","6159","1197","2579","744","168","2305","1943","21985","7423","4031","1683","403","577","5138","669","2956","9648","2869","1539","423","2608","1114","120","152"
"2019-05-17","115285","29918","6062","1209","2252","712","162","3088","2072","25180","7315","4408","1651","367","1008","5484","766","3109","9917","2987","1988","410","2688","1107","126","155"
"2019-05-16","114444","29971","6173","1235","2232","765","162","3143","2061","24751","6957","4274","1579","362","955","5399","757","2914","10287","2824","1997","425","2626","1075","112","148"
"2019-05-15","112485","29299","5953","1206","2106","698","153","3090","2065","24721","6767","4235","1598","348","964","5257","742","2953","9875","2894","1970","381","2626","1087","125","159"
"2019-05-14","110515","29173","5779","1158","2100","672","148","3100","1995","24095","6689","4165","1539","364","950","5231","719","2853","9704","2761","1961","411","2535","1017","128","159"
"2019-05-13","112245","28458","5921","1191","2127","681","151","3068","2127","25313","6783","4322","1524","351","981","5383","746","2962","9780","2839","2090","391","2634","1025","113","147"
"2019-05-12","105833","24535","5814","1230","2203","699","152","2358","1982","24255","7283","4216","1657","388","768","5292","688","3030","9901","2768","1621","416","2581","1069","140","166"
"2019-05-11","102120","23919","6122","1187","2542","719","167","2309","2068","21898","7543","3983","1779","408","568","5078","686","2950","9771","2827","1574","413","2593","1090","146","156"
"2019-05-10","114917","29594","6101","1192","2231","689","154","3076","2141","25376","7325","4386","1683","366","918","5473","745","3116","9960","2910","2009","394","2651","1070","125","170"
"2019-05-09","112323","29895","6188","1235","2226","733","160","3086","2083","23423","6999","3963","1646","369","922","5051","760","2754","9787","2795","2000","423","2605","1054","114","151"
"2019-05-08","112145","28959","5984","1193","2154","704","155","3106","2030","24514","6842","4217","1621","357","902","5227","777","2967","9902","2855","1957","382","2685","1131","134","159"
"2019-05-07","110664","29076","5786","1156","2065","662","143","3085","2040","24090","6834","4123","1625","369","886","5146","724","2871","9552","2644","1966","434","2530","1036","132","166"
"2019-05-06","111891","28126","5899","1181","2133","660","142","3046","2096","25076","7132","4104","1676","360","853","5140","778","3011","9790","2648","2022","385","2606","1001","133","141"
"2019-05-05","108849","25794","5953","1201","2258","699","151","2412","2111","24952","7509","4149","1800","400","738","5215","732","3114","9811","2727","1710","442","2536","1093","136","186"
"2019-05-04","103340","24112","6200","1211","2563","727","162","2326","1979","22000","7665","3873","1841","413","562","4970","670","3043","10031","2800","1610","411","2298","1120","132","175"
"2019-05-03","115467","29848","6149","1154","2295","709","144","3062","2191","25462","7423","4346","1762","376","1005","5459","754","3182","9743","2814","2028","398","2291","1055","131","175"
"2019-05-02","113517","30157","6128","1165","2276","730","148","3130","2117","24163","7145","4175","1703","369","930","5270","732","2919","9311","2599","1933","394","2516","1040","108","190"
"2019-05-01","110890","29036","5964","1120","2211","712","155","3112","2042","22809","6954","4003","1725","358","900","5028","716","2975","10062","2750","1515","397","2519","1087","129","183"
"2019-04-30","110624","28667","5879","1106","2143","716","159","3151","2042","23043","7163","3882","1704","368","873","4978","671","2841","9790","2757","1970","351","2488","1072","120","188"
"2019-04-29","111905","27967","5986","1097","2251","693","144","3038","2108","24206","7031","4043","1674","370","972","5092","705","2982","9883","2670","2000","412","2500","1006","127","160"
"2019-04-28","107920","25339","6084","1093","2432","743","157","2299","2149","23128","7546","3809","1796","420","694","4880","696","3028","10088","2777","1646","431","2536","1090","123","182"
"2019-04-27","103536","23525","6351","1072","2898","752","164","2147","2087","21248","7783","3551","1856","403","527","4660","681","2886","9895","2854","1630","412","2495","1117","130","178"
"2019-04-26","115061","29259","6212","1101","2437","702","148","2959","2193","24360","7510","4017","1805","376","898","5100","719","3082","9881","2826","2108","421","2564","1149","131","177"
"2019-04-25","115039","29874","6255","1092","2374","738","155","3161","2204","24548","7285","3954","1745","358","930","5019","677","2831","9857","2738","2009","410","2479","1081","108","168"
"2019-04-24","113838","29039","6077","1052","2341","686","146","3119","2152","23976","7075","3843","1760","360","842","4862","723","2894","10200","2819","2024","392","2501","1108","113","164"
"2019-04-23","112150","29039","5944","1090","2286","670","153","3127","2054","23462","7148","3748","1734","404","867","4842","712","2816","9832","2773","2092","427","2393","1068","127","179"
"2019-04-22","112541","28578","6054","1071","2348","665","143","2912","2212","23591","7162","3914","1729","395","837","4945","682","2953","9891","2726","2261","417","2505","1055","110","175"
"2019-04-21","104633","24187","5947","1098","2438","687","149","2144","2183","22188","7558","3879","1768","420","676","4972","565","2921","9893","2722","1798","457","2468","1095","115","199"
"2019-04-20","101799","23551","6337","1132","2860","737","159","2028","2058","20794","7926","3639","1856","413","518","4780","685","2941","9955","2854","1146","400","2463","1098","119","173"
"2019-04-19","111037","27900","6137","1122","2332","722","159","2727","2241","23408","7455","3919","1803","387","854","5011","788","3141","10371","2981","1771","368","2455","1112","122","177"
"2019-04-18","115592","29817","6375","1145","2459","719","151","3194","2274","24184","7546","3993","1790","359","934","5120","800","2976","10018","2780","2195","421","2491","1066","91","177"
"2019-04-17","113646","28958","5992","1050","2268","676","147","3133","2177","23794","7132","3853","1805","369","861","4874","747","2980","10288","2903","2174","395","2503","1090","105","186"
"2019-04-16","111329","28669","5938","1136","2242","675","143","3067","2085","22958","7334","3811","1763","377","836","4925","746","2856","9791","2708","2108","417","2484","1058","112","181"
"2019-04-15","112203","27362","5993","1141","2282","679","154","3020","2182","24273","7338","4025","1799","394","972","5106","768","3012","9983","2749","2195","404","2513","1035","112","152"
"2019-04-14","107173","24320","6023","1150","2444","686","145","2319","2191","23238","7830","3974","1836","421","731","5084","717","3098","10155","2737","1814","450","2468","1097","114","173"
"2019-04-13","103980","23766","6400","1146","2852","714","152","2182","2207","21374","8171","3764","1902","411","546","4935","673","2958","9760","2713","1795","446","2426","1109","132","170"
"2019-04-12","118420","29903","6257","1164","2389","704","156","3050","2317","25588","7930","4149","1921","404","929","5316","767","3116","10384","2952","2263","425","2583","1132","116","169"
"2019-04-11","115169","28839","6168","1133","2360","723","159","3134","2228","24492","7538","3949","1864","400","934","5093","767","2922","10459","2777","2206","433","2484","1066","112","169"
"2019-04-10","113463","28549","5963","1062","2290","684","145","3113","2207","23913","7257","3962","1806","368","870","5078","708","2886","10110","2820","2119","398","2589","1117","113","180"
"2019-04-09","112086","28987","5768","1082","2194","669","138","3046","2080","23083","7282","3786","1755","378","845","4913","715","2713","10188","2803","2039","460","2437","1069","119","181"
"2019-04-08","111876","27740","5855","1096","2219","649","139","2967","2203","23682","7317","3985","1773","378","908","5088","720","2831","10154","2753","2260","413","2547","1019","114","154"
"2019-04-07","107291","25431","6109","1128","2464","687","144","2326","2265","22239","7684","3932","1776","406","701","5073","637","2876","10408","2697","1798","438","2483","1118","135","180"
"2019-04-06","101146","24074","6271","1053","2825","701","150","2217","2158","19741","7837","3686","1778","414","542","4818","618","2651","9132","2678","1798","439","2522","1121","131","166"
"2019-04-05","114717","29570","6142","1107","2375","691","151","3069","2257","24315","7756","3947","1798","393","880","5124","701","2897","9293","2752","2309","410","2509","1130","113","194"
"2019-04-04","114277","29365","6145","1111","2328","704","154","3019","2278","23904","7663","3887","1787","394","855","5049","695","2704","9802","2699","2255","444","2532","1085","134","233"
"2019-04-03","112969","28654","5864","1047","2225","669","140","3046","2190","23581","7577","3792","1801","380","863","4866","680","2742","9978","2816","2162","385","2445","1106","109","204"
"2019-04-02","111161","28525","5801","1061","2202","665","143","3091","2127","23143","7540","3777","1756","372","806","4878","643","2649","9788","2701","2134","404","2465","1052","90","215"
"2019-04-01","109100","26293","5373","963","2229","663","146","2721","1825","22966","7362","3680","1699","367","879","4664","702","2748","9951","2799","2243","396","2515","1055","82","202"
"2019-03-31","101621","21484","5055","845","2187","677","158","1885","1660","20948","8093","3589","2071","320","660","4613","573","2620","10419","2857","1787","366","2514","1278","107","236"
"2019-03-30","93020","22570","5927","910","2896","677","143","1874","1781","15588","6965","2974","1761","393","461","4021","479","1987","9042","2521","1797","437","2352","1107","121","183"
"2019-03-29","106758","27986","5710","902","2432","685","146","2736","1924","20448","6592","3456","1761","390","897","4456","666","2288","9459","2748","2290","438","2495","1129","120","210"
"2019-03-28","105617","28544","5702","897","2350","702","158","2929","1887","19081","6353","3137","1720","364","823","4126","633","2071","9526","2609","2259","431","2400","1088","110","210"
"2019-03-27","103073","27450","5527","872","2278","689","156","2789","1840","18620","6134","2905","1707","339","776","3813","612","2024","9638","2681","2235","412","2491","1097","113","207"
"2019-03-26","101447","27397","5300","834","2211","652","138","2871","1791","18068","6154","2863","1657","356","773","3846","573","1964","9491","2638","2223","408","2323","1048","91","220"
"2019-03-25","103290","26994","5517","861","2305","669","151","2856","1909","19472","6093","3194","1642","344","860","4120","571","2075","9486","2558","2314","398","2537","1060","93","209"
"2019-03-24","99691","25887","5662","914","2506","680","155","2228","1867","18127","6680","3154","1742","399","635","4121","585","2236","9346","2656","1959","427","2464","1114","107","197"
"2019-03-23","93062","22789","5828","868","2878","672","149","1884","1812","15580","6915","2929","1783","403","452","3965","506","2037","9162","2609","1788","453","2384","1116","108","181"
"2019-03-22","106488","28056","5722","895","2449","675","139","2772","1955","20329","6605","3406","1789","378","889","4365","681","2268","9463","2651","2274","437","2491","1153","113","209"
"2019-03-21","105199","28600","5634","888","2392","678","159","2931","1950","19035","6348","3100","1735","363","862","4070","627","2094","9377","2628","2237","435","2448","1118","110","212"
"2019-03-20","102580","27895","5485","867","2337","681","145","2914","1859","18017","6069","2824","1676","346","742","3713","585","1926","9367","2643","2193","409","2480","1089","117","215"
"2019-03-19","100995","27410","5228","815","2171","638","145","2906","1831","17753","5974","2853","1609","357","776","3808","537","1934","9280","2626","2202","398","2371","1049","110","222"
"2019-03-18","103180","27081","5435","853","2312","644","144","2891","1895","19488","6144","3273","1641","353","836","4212","613","2144","9087","2618","2268","410","2503","1093","120","207"
"2019-03-17","99572","25787","5622","904","2484","664","156","2323","1910","18051","6676","3198","1763","396","660","4181","532","2147","9212","2660","1970","441","2553","1122","112","191"
"2019-03-16","93226","22859","6012","877","2977","674","148","1876","1881","15376","6919","2873","1764","417","413","3919","483","1972","9272","2657","1778","461","2400","1131","120","178"
"2019-03-15","106740","28224","5724","892","2525","650","127","2727","1957","20054","6592","3374","1763","390","874","4370","613","2185","9603","2703","2312","450","2595","1191","108","181"
"2019-03-14","103634","27703","5574","893","2371","673","149","2823","1891","18792","6284","3157","1671","363","841","4142","537","1984","9410","2649","2233","442","2437","1107","122","185"
"2019-03-13","100308","26090","5415","842","2286","655","136","2875","1837","17855","6005","2834","1668","335","731","3723","553","1886","9471","2624","2221","440","2602","1139","135","186"
"2019-03-12","101020","27518","5297","823","2249","627","128","2858","1834","17805","6012","2828","1629","357","645","3760","593","1978","9422","2538","2229","421","2451","1096","126","180"
"2019-03-11","103647","27238","5549","851","2328","644","147","2853","1930","19584","6113","3247","1622","354","799","4173","665","2192","9286","2546","2301","433","2651","1085","112","174"
"2019-03-10","99270","25499","5582","910","2485","665","139","2141","1874","17879","6685","3098","1769","407","635","4073","604","2173","9482","2586","2018","495","2601","1184","111","172"
"2019-03-09","95319","24858","6220","960","3010","690","147","2137","2022","15457","6850","2868","1638","455","414","3947","503","2005","9116","2508","1858","540","2431","1073","120","165"
"2019-03-08","106392","27836","5715","874","2480","657","130","2796","1992","20024","6510","3331","1753","398","850","4317","660","2221","9726","2710","2340","461","2641","1198","108","169"
"2019-03-07","103677","27467","5562","864","2376","667","144","2815","1900","18824","6234","3121","1697","370","805","4114","607","2023","9666","2598","2260","462","2483","1123","116","174"
"2019-03-06","100648","26234","5319","817","2292","654","135","2779","1777","17893","5978","2819","1655","341","704","3703","586","1908","9732","2634","2239","456","2574","1130","126","177"
"2019-03-05","100522","27165","5228","801","2204","613","135","2840","1825","17718","5967","2818","1622","362","686","3792","547","1947","9377","2632","1785","419","2494","1115","127","165"
"2019-03-04","101623","26127","5331","859","2291","612","132","2799","1817","19359","6084","3226","1642","361","775","4169","657","2185","9586","2521","1395","404","2630","1103","115","163"
"2019-03-03","95153","24367","5392","881","2391","625","141","2405","1872","18170","6594","3206","1780","417","614","4179","574","2216","8995","2351","1221","449","2506","1091","119","161"
"2019-03-02","97412","26858","6429","1044","3044","707","146","2399","2163","15539","6782","2864","1512","494","416","3975","523","2038","8961","2360","1939","620","2462","1016","120","152"
"2019-03-01","106045","27448","5707","857","2436","665","134","2866","2028","19995","6429","3289","1743","407","827","4265","707","2258","9849","2718","2368","473","2687","1205","109","157"
"2019-02-28","103720","27232","5551","836","2381","662","139","2807","1909","18856","6184","3086","1723","377","770","4086","678","2062","9922","2548","2287","483","2529","1139","110","163"
"2019-02-27","100989","26378","5224","792","2299","654","135","2684","1718","17931","5951","2805","1642","348","678","3684","619","1930","9993","2644","2257","473","2546","1122","118","169"
"2019-02-26","99832","26075","5168","780","2201","637","146","2788","1826","17531","5975","2800","1668","389","722","3770","622","1942","9927","2630","2220","444","2478","1112","121","164"
"2019-02-25","100350","24379","5189","817","2317","640","145","2429","1748","19233","6018","3264","1592","377","803","4205","678","2185","10043","2615","2238","430","2692","1131","113","162"
"2019-02-24","95900","21790","5267","860","2418","649","135","1836","1752","18164","6516","3339","1723","415","637","4352","588","2201","10101","2635","1858","445","2519","1189","120","180"
"2019-02-23","93199","22149","5726","843","2811","634","157","2017","1895","15479","6871","3030","1758","427","417","4109","506","2014","10115","2657","1799","487","2349","1195","136","159"
"2019-02-22","105517","26911","5569","844","2388","658","135","2766","1983","19821","6421","3249","1771","400","787","4210","680","2284","10399","2749","2230","459","2487","1276","123","175"
"2019-02-21","103135","26671","5403","834","2366","653","137","2706","1812","18613","6164","3140","1688","367","803","4111","612","2066","10321","2661","2296","479","2417","1182","119","176"
"2019-02-20","99205","24795","5095","745","2299","647","136","2674","1663","17791","5780","2878","1639","358","714","3736","607","1979","10359","2724","2228","438","2438","1159","122","177"
"2019-02-19","99594","26669","5192","743","2260","619","130","2729","1833","17203","5781","2827","1603","366","723","3787","619","1936","9843","2595","2230","450","2420","1144","143","159"
"2019-02-18","100655","24825","5360","809","2403","617","133","2594","1839","19039","5871","3263","1602","381","782","4191","684","2161","10153","2612","2320","441","2527","1123","116","167"
"2019-02-17","94637","20619","5179","832","2404","621","133","1967","1728","17967","6427","3288","1692","406","627","4265","575","2172","10310","2644","1841","468","2575","1185","127","178"
"2019-02-16","93594","22379","5694","838","2776","655","141","1987","1878","15371","6787","3061","1751","416","432","4127","520","2002","10387","2656","1840","503","2429","1211","131","162"
"2019-02-15","105848","27412","5584","826","2484","648","136","2633","1926","19687","6390","3323","1739","393","757","4301","667","2193","10426","2794","2301","468","2587","1216","139","177"
"2019-02-14","103122","27059","5400","829","2352","634","131","2720","1816","18487","6119","3109","1676","359","756","4098","643","2045","9976","2702","2290","465","2451","1149","125","182"
"2019-02-13","97284","23934","4818","714","2143","598","121","1936","1502","17227","5602","2791","1626","350","692","3645","630","1884","10344","2730","2225","466","2688","1175","114","178"
"2019-02-12","96718","24067","4565","716","2092","579","119","2143","1432","17159","5658","2774","1598","354","702","3695","614","1882","10597","2691","2249","454","2448","1104","118","185"
"2019-02-11","92617","19362","4691","714","2052","585","114","2132","1567","17941","6117","3148","1815","364","764","4051","543","1987","9485","2979","2161","416","2698","1316","129","189"
"2019-02-10","87232","23782","5259","895","2385","553","111","1512","1853","15387","5911","2928","1392","405","434","3879","508","1967","8977","2248","1566","471","2357","915","108","142"
"2019-02-09","91779","21242","5421","798","2660","633","131","1895","1748","14717","6659","2846","1717","421","398","3843","524","1951","10552","2639","1835","489","2478","1181","132","165"
"2019-02-08","103899","26262","5339","823","2337","601","120","2399","1839","19311","6267","3202","1689","401","764","4134","708","2196","10439","2694","2314","477","2742","1204","120","159"
"2019-02-07","100348","25596","5183","796","2302","607","118","2427","1704","17852","5980","2973","1637","366","743","3929","625","1944","10157","2583","2210","492","2521","1148","116","179"
"2019-02-06","98628","24667","4971","749","2215","613","124","2339","1542","17413","5762","2700","1598","364","661","3562","614","1852","9895","2742","2235","478","2637","1124","120","178"
"2019-02-05","96971","25121","4846","700","2094","593","110","2558","1723","16712","5697","2596","1575","380","606","3476","595","1818","9200","2643","2253","453","2586","1111","130","172"
"2019-02-04","96969","23917","5141","787","2275","598","113","2293","1761","18252","5853","3012","1598","379","729","3888","586","1919","8642","2551","2283","455","2627","1085","111","166"
"2019-02-03","92754","19623","5032","813","2305","630","136","1904","1674","16945","6431","3062","1734","404","612","4018","587","2052","10268","2723","1971","500","2705","1151","117","172"
"2019-02-02","92430","21123","5495","789","2694","685","154","1947","1809","14601","6729","2719","1781","407","407","3718","527","1854","10233","2877","1957","505","2672","1226","136","169"
"2019-02-01","103519","25903","5390","819","2358","681","148","2524","1875","18834","6343","2926","1771","397","715","3854","659","2097","10227","2913","2328","480","2762","1210","147","153"
"2019-01-31","100111","24420","5133","798","2267","664","147","2711","1660","17778","6123","2775","1716","368","678","3719","622","1884","10230","2730","2359","506","2692","1198","120","166"
"2019-01-30","97578","23193","4941","717","2185","669","144","2781","1624","16964","5778","2547","1665","354","626","3382","612","1763","10255","2834","2291","468","2670","1181","124","175"
"2019-01-29","97231","24539","4773","716","2093","635","137","2598","1557","16563","5786","2499","1645","375","597","3380","575","1753","10178","2697","2287","479","2622","1142","104","173"
"2019-01-28","98558","23335","5066","805","2284","659","147","2583","1591","18208","5897","2921","1590","378","709","3818","632","2005","10296","2686","2358","470","2758","1118","116","154"
"2019-01-27","94474","21300","5130","821","2317","646","143","2089","1788","17081","6454","2954","1705","413","555","3886","572","2084","10268","2731","2034","502","2707","1180","127","159"
"2019-01-26","91236","21807","5549","809","2686","686","156","2025","1769","14008","6707","2589","1743","409","364","3588","467","1782","10024","2713","1938","537","2582","1222","132","152"
"2019-01-25","94105","26213","5400","822","2332","644","141","2823","1853","17140","5894","2564","1691","387","702","3466","604","1943","7721","2341","2244","465","2316","1134","97","141"
"2019-01-24","99879","26264","5155","805","2195","667","140","2777","1710","17449","5979","2568","1702","356","744","3495","634","1872","9799","2604","2288","495","2695","1180","154","153"
"2019-01-23","101317","24508","5033","751","2234","656","145","2716","1642","17577","5916","2549","1676","358","706","3387","634","1836","11320","2856","2402","473","2753","1228","137","179"
"2019-01-22","99906","24966","4940","726","2137","636","136","2865","1683","16571","5879","2326","1645","373","656","3215","636","1750","11165","2805","2417","476","2638","1182","145","163"
"2019-01-21","101095","23740","5223","819","2301","637","143","2564","1769","18542","6140","2804","1613","375","812","3700","683","2019","11037","2727","2410","458","2711","1140","135","157"
"2019-01-20","92746","18125","4879","808","2238","655","144","1755","1598","17686","6534","3015","1754","399","637","3955","616","2120","10823","2772","2115","494","2691","1191","137","171"
"2019-01-19","91607","19982","5399","812","2627","682","155","1976","1697","14340","6861","2584","1801","403","372","3572","531","1856","10761","2767","2060","527","2744","1267","139","164"
"2019-01-18","106673","26915","5565","825","2451","670","149","2810","1924","19570","6487","3037","1779","393","814","3962","721","2151","10869","2908","2422","485","2617","1261","128","167"
"2019-01-17","103992","26618","5416","798","2362","670","143","2853","1837","18275","6162","2782","1707","379","809","3741","668","1914","10575","2712","2438","490","2809","1228","130","164"
"2019-01-16","93392","25014","5563","745","2274","663","118","2698","1799","15970","5767","2440","1641","352","677","3288","615","1753","8123","2715","2144","462","2669","1212","140","175"
"2019-01-15","88061","24382","5537","732","2104","658","107","2312","1602","13998","5673","2283","1626","344","611","3182","585","1622","7984","2646","1788","447","2612","1148","133","166"
"2019-01-14","89936","23413","5800","770","2261","668","122","2222","1715","16351","5648","2704","1559","353","679","3562","632","1896","7943","2615","1824","418","2666","1137","133","173"
"2019-01-13","84556","19528","5577","777","2115","627","116","1744","1629","15879","5961","2709","1623","357","600","3600","592","1915","7531","2553","1593","421","2702","1134","126","197"
"2019-01-12","82145","20362","6052","775","2464","685","132","1729","1706","13033","6115","2319","1657","346","383","3244","497","1647","7534","2479","1624","436","2675","1190","134","170"
"2019-01-11","92436","25010","6140","785","2190","674","110","2385","1763","16524","5801","2680","1634","330","827","3550","564","1661","7574","2581","1848","416","2782","1139","137","168"
"2019-01-10","91300","25171","6078","782","2218","663","108","2403","1738","15527","5657","2365","1566","319","717","3267","640","1750","7731","2423","1788","423","2701","1130","145","148"
"2019-01-09","89994","23925","6087","756","2265","678","110","2286","1769","15884","5565","2387","1568","311","678","3232","641","1764","7675","2470","1829","417","2699","1136","149","176"
"2019-01-08","89518","24530","5675","742","2082","630","106","2438","1645","15369","5534","2323","1524","316","623","3194","625","1701","7715","2400","1800","386","2633","1097","148","175"
"2019-01-07","91618","24092","5715","797","2186","627","111","2291","1718","17375","5515","2791","1469","322","744","3652","699","1954","7729","2407","1801","423","2672","1091","149","166"
"2019-01-06","89284","21864","6169","857","2443","649","111","1822","1735","16810","6380","2999","1656","374","597","3954","646","2129","7703","2521","1574","438","2639","1157","145","184"
"2019-01-05","87306","22388","6595","806","2988","681","128","1889","1794","14396","6594","2654","1697","375","483","3670","568","1926","7418","2523","1523","469","2541","1155","133","175"
"2019-01-04","93751","25139","6237","805","2616","645","106","2361","1736","17279","6116","2939","1654","343","800","3899","646","2052","7456","2538","1775","414","2586","1170","143","165"
"2019-01-03","94304","25708","6303","808","2656","661","132","2455","1686","16610","6305","2958","1645","362","704","3981","593","2058","7847","2528","1790","439","2558","1201","135","145"
"2019-01-02","92792","24938","6241","784","2765","651","124","2250","1669","16446","6198","2878","1648","352","635","3831","585","2064","7767","2581","1744","431","2664","1178","145","165"
"2019-01-01","90148","22615","5386","740","2291","648","118","2213","1598","15160","5579","2480","1609","338","539","3317","572","1827","8919","2616","1724","380","2766","1161","131","185"